Model,Test_MSE,Test_R2,Train_Time,CV_MSE_Mean,CV_R2_Mean
Our RegressionTree,2018365368.4164846,0.7368605566572555,1.6089520454406738,1791251843.1321473,0.7109903278578724
sklearn DecisionTree,2015047164.2336552,0.7372931594036316,0.019263029098510742,1790201620.0491302,0.7111429089120979
Linear Regression,1299878577.174058,0.830531512994054,0.029670000076293945,1464059582.1545112,0.7577773738803343
