alpha,cv_mean,cv_std
0.0,0.5681065657964466,0.13735115298837292
13.336400293255128,0.7092255568383757,0.13801777129193082
24.20439436981394,0.6977240084687641,0.14552159443310003
39.575013174579674,0.7340222088360467,0.09716799545309791
62.60091901154402,0.6583477979993501,0.08145574772290638
85.27628702047306,0.6117222661374392,0.15787545137456835
143.13008652620243,0.7669091555915246,0.07257199352686504
210.08149758149753,0.6589150114216251,0.13195024890562848
404.4660470434077,0.766009270730074,0.0776879735828402
