alpha,cv_mean,cv_std
0.0,0.7247674218004738,0.04738956617080239
104166666.66666666,0.7250237791554475,0.04894923885174181
177633333.3333333,0.7252178173577055,0.04897950804673012
274821333.3333333,0.7267844342105484,0.04793539881106168
453142976.1904763,0.728934455733699,0.04704471899765753
658560000.0,0.731429702209153,0.04593436588333497
1038987777.7777774,0.7313239568706904,0.04150435210305261
1549372861.2272725,0.7335901473547797,0.04110539988247736
2280804545.9054832,0.7425538340055053,0.03642218385103172
