model,train_mse,test_mse,train_r2,test_r2,test_mae,n_leaves,depth,ccp_alpha
Unpruned Tree,43534699.21973439,1503005198.207094,0.9931547952823236,0.7531334331370865,26237.66150733007,479.0,12.0,
sklearn DecisionTree,159547075.91465312,1619138078.3120005,0.9749135191854643,0.7340587649685401,26081.776539217262,224.0,10.0,
Linear Regression,458799825.3023342,1441902390.4369273,0.9278603324493631,0.7631694865039672,20968.28192692742,,,
RegressionTree + CCP,418878771.6341945,1340374379.6880343,0.9341373434268476,0.7798453246739872,24680.67722044188,60.0,9.0,6940085522.727272
